Workbook

Sheet Sheet1
A1: sample | B1: Type | C1: Y | D1: Zr | E1: Nb | F1: Ba | G1: La | H1: Ce | I1: Pr | J1: Nd | K1: Sm | L1: Eu | M1: Gd | N1: Tb | O1: Dy | P1: Ho | Q1: Er | R1: Tm | S1: Yb | T1: Lu | U1: Hf | V1: Ta | W1: Mo | X1: Sn | Y1: Sb | Z1: W | AA1: Pb | AB1: Th | AC1: U | AD1: δEu | AE1: δCe | AF1: (La/Yb)N | AG1: (Gd/Yb)N
A2: Turkina and Sukhorukov, 2017 | B2: Igneous | C2: 802 | D2: 17 | G2: 0.02 | H2: 0.07 | I2: 0.01 | J2: 0.68 | K2: 4.76 | L2: 0.08 | M2: 31.8 | O2: 103.7 | Q2: 86.1 | S2: 78.7 | T2: 9.7 | AD2: =L2/0.058/(K2/0.153*M2/0.2055)^0.5 -> 0.019879094 | AE2: =H2/0.612/(G2/0.237*I2/0.095)^0.5 -> 1.2135777 | AF2: =(G2/0.237)/(S2/0.17) -> 0.00018228706 | AG2: =(M2/0.2055)/(S2/0.17) -> 0.33426391
A3: Turkina and Sukhorukov, 2017 | B3: Igneous | C3: 859 | D3: 11 | G3: 0.02 | H3: 0.09 | I3: 0.02 | J3: 0.84 | K3: 2.63 | L3: 0.09 | M3: 15.6 | O3: 89.2 | Q3: 111.3 | S3: 118.1 | T3: 13.9 | AD3: =L3/0.058/(K3/0.153*M3/0.2055)^0.5 -> 0.042956211 | AE3: =H3/0.612/(G3/0.237*I3/0.095)^0.5 -> 1.1033088 | AF3: =(G3/0.237)/(S3/0.17) -> 0.00012147326 | AG3: =(M3/0.2055)/(S3/0.17) -> 0.10927273
A4: Turkina and Sukhorukov, 2017 | B4: Igneous | C4: 884 | D4: 6.2 | G4: 0.24 | H4: 0.84 | I4: 0.06 | J4: 0.64 | K4: 1.26 | L4: 0.06 | M4: 14.8 | O4: 99.3 | Q4: 102 | S4: 84.4 | T4: 8.3 | AD4: =L4/0.058/(K4/0.153*M4/0.2055)^0.5 -> 0.042477481 | AE4: =H4/0.612/(G4/0.237*I4/0.095)^0.5 -> 1.7162581 | AF4: =(G4/0.237)/(S4/0.17) -> 0.0020397144 | AG4: =(M4/0.2055)/(S4/0.17) -> 0.1450629
A5: Turkina and Sukhorukov, 2017 | B5: Igneous | C5: 268 | D5: 4.8 | G5: 0.01 | H5: 0.01 | I5: 0 | J5: 0.27 | K5: 2.84 | L5: 0.06 | M5: 33.2 | O5: 65.3 | Q5: 19.4 | S5: 15.9 | T5: 3.8 | AD5: =L5/0.058/(K5/0.153*M5/0.2055)^0.5 -> 0.01889064 | AF5: =(G5/0.237)/(S5/0.17) -> 0.00045113181 | AG5: =(M5/0.2055)/(S5/0.17) -> 1.7273409
A6: Clarke et al., 2013 | B6: Igneous | C6: 44.66 | D6: 13.19 | E6: 0.071 | F6: 0.36 | G6: 0.051 | H6: 0.234 | I6: 0.165 | J6: 3.57 | K6: 4.97 | L6: 2.46 | M6: 7.91 | O6: 8.8 | P6: 1.79 | Q6: 4.38 | S6: 3.95 | T6: 0.512 | U6: 0.203 | V6: 0.043 | AA6: 0.085 | AB6: 0.054 | AC6: 0.039 | AD6: =L6/0.058/(K6/0.153*M6/0.2055)^0.5 -> 1.1994781 | AE6: =H6/0.612/(G6/0.237*I6/0.095)^0.5 -> 0.62542228 | AF6: =(G6/0.237)/(S6/0.17) -> 0.0092613363 | AG6: =(M6/0.2055)/(S6/0.17) -> 1.6565955
A7: Clarke et al., 2013 | B7: Igneous | C7: 62.72 | D7: 32.16 | E7: 0.077 | F7: 0.47 | G7: 0.07 | H7: 0.331 | I7: 0.222 | J7: 3.47 | K7: 4.51 | L7: 2.09 | M7: 9.08 | O7: 11.49 | P7: 2.54 | Q7: 7.11 | S7: 6.95 | T7: 0.934 | U7: 0.456 | V7: 0.055 | AA7: 0.113 | AB7: 0.062 | AC7: 0.05 | AD7: =L7/0.058/(K7/0.153*M7/0.2055)^0.5 -> 0.99847852 | AE7: =H7/0.612/(G7/0.237*I7/0.095)^0.5 -> 0.65100907 | AF7: =(G7/0.237)/(S7/0.17) -> 0.0072246001 | AG7: =(M7/0.2055)/(S7/0.17) -> 1.0807821
A8: Clarke et al., 2013 | B8: Igneous | C8: 50.47 | D8: 19.99 | E8: 0.369 | F8: 0.39 | G8: 0.637 | H8: 2.61 | I8: 0.614 | J8: 4.72 | K8: 3.62 | L8: 2.06 | M8: 8.23 | O8: 8.52 | P8: 1.92 | Q8: 5.01 | S8: 6.11 | T8: 1 | U8: 0.57 | V8: 0.05 | AA8: 0.281 | AB8: 0.212 | AC8: 0.042 | AD8: =L8/0.058/(K8/0.153*M8/0.2055)^0.5 -> 1.1538163 | AE8: =H8/0.612/(G8/0.237*I8/0.095)^0.5 -> 1.023225 | AF8: =(G8/0.237)/(S8/0.17) -> 0.074782296 | AG8: =(M8/0.2055)/(S8/0.17) -> 1.1142836
A9: Clarke et al., 2013 | B9: Igneous | C9: 62.53 | D9: 11.26 | E9: 0.075 | F9: 0.46 | G9: 0.064 | H9: 0.102 | I9: 0.09 | J9: 2.34 | K9: 4.46 | L9: 2.3 | M9: 8.6 | O9: 10.74 | P9: 2.421 | Q9: 6.96 | S9: 7.54 | T9: 1.176 | U9: 0.172 | V9: 0.048 | AA9: 0.093 | AB9: 0.057 | AC9: 0.05 | AD9: =L9/0.058/(K9/0.153*M9/0.2055)^0.5 -> 1.1353632 | AE9: =H9/0.612/(G9/0.237*I9/0.095)^0.5 -> 0.32951371 | AF9: =(G9/0.237)/(S9/0.17) -> 0.0060884845 | AG9: =(M9/0.2055)/(S9/0.17) -> 0.94354844
A10: Clarke et al., 2013 | B10: Igneous | C10: 63 | D10: 16.31 | E10: 0.061 | F10: 0.39 | G10: 0.051 | H10: 0.247 | I10: 0.134 | J10: 3.82 | K10: 4.55 | L10: 2.67 | M10: 8.47 | O10: 11.23 | P10: 2.5 | Q10: 7.11 | S10: 7.66 | T10: 1.14 | U10: 0.345 | V10: 0.047 | AA10: 0.085 | AB10: 0.049 | AC10: 0.041 | AD10: =L10/0.058/(K10/0.153*M10/0.2055)^0.5 -> 1.3148842 | AE10: =H10/0.612/(G10/0.237*I10/0.095)^0.5 -> 0.73256138 | AF10: =(G10/0.237)/(S10/0.17) -> 0.0047757544 | AG10: =(M10/0.2055)/(S10/0.17) -> 0.9147275
A11: Clarke et al., 2013 | B11: Igneous | C11: 49.53 | D11: 17.84 | E11: 0.079 | F11: 0.46 | G11: 0.067 | H11: 0.149 | I11: 0.193 | J11: 2.36 | K11: 4.33 | L11: 2.47 | M11: 7.4 | O11: 9.12 | P11: 1.998 | Q11: 5.27 | S11: 6.57 | T11: 0.903 | U11: 0.19 | V11: 0.043 | AA11: 0.107 | AB11: 0.064 | AC11: 0.047 | AD11: =L11/0.058/(K11/0.153*M11/0.2055)^0.5 -> 1.3340152 | AE11: =H11/0.612/(G11/0.237*I11/0.095)^0.5 -> 0.3212586 | AF11: =(G11/0.237)/(S11/0.17) -> 0.0073149272 | AG11: =(M11/0.2055)/(S11/0.17) -> 0.93175868
A12: Clarke et al., 2013 | B12: Igneous | C12: 57.41 | D12: 33.18 | E12: 0.081 | F12: 1.22 | G12: 0.191 | H12: 0.589 | I12: 0.228 | J12: 3.24 | K12: 3.98 | L12: 1.747 | M12: 7.74 | O12: 10.78 | P12: 2.291 | Q12: 6.28 | S12: 6.52 | T12: 1.032 | U12: 0.424 | V12: 0.058 | AA12: 0.115 | AB12: 0.066 | AC12: 0.052 | AD12: =L12/0.058/(K12/0.153*M12/0.2055)^0.5 -> 0.96228679 | AE12: =H12/0.612/(G12/0.237*I12/0.095)^0.5 -> 0.69201537 | AF12: =(G12/0.237)/(S12/0.17) -> 0.021012917 | AG12: =(M12/0.2055)/(S12/0.17) -> 0.9820429
A13: Clarke et al., 2013 | B13: Igneous | C13: 66.63 | D13: 14.52 | E13: 0.065 | F13: 0.4 | G13: 0.052 | H13: 0.142 | I13: 0.134 | J13: 3.02 | K13: 4.09 | L13: 2.28 | M13: 8.28 | O13: 11.65 | P13: 2.84 | Q13: 7.84 | S13: 8.08 | T13: 1.199 | U13: 0.163 | V13: 0.043 | AA13: 0.085 | AB13: 0.053 | AC13: 0.492 | AD13: =L13/0.058/(K13/0.153*M13/0.2055)^0.5 -> 1.1977927 | AE13: =H13/0.612/(G13/0.237*I13/0.095)^0.5 -> 0.41707948 | AF13: =(G13/0.237)/(S13/0.17) -> 0.0046162844 | AG13: =(M13/0.2055)/(S13/0.17) -> 0.84772711
A14: Clarke et al., 2013 | B14: Igneous | C14: 45.59 | D14: 19.24 | E14: 0.076 | F14: 0.49 | G14: 0.062 | H14: 0.263 | I14: 0.162 | J14: 3.18 | K14: 4.1 | L14: 2.46 | M14: 8.37 | O14: 8.97 | P14: 1.79 | Q14: 4.31 | S14: 3.8 | T14: 0.486 | U14: 0.218 | V14: 0.054 | AA14: 0.098 | AB14: 0.055 | AC14: 0.046 | AD14: =L14/0.058/(K14/0.153*M14/0.2055)^0.5 -> 1.2838198 | AE14: =H14/0.612/(G14/0.237*I14/0.095)^0.5 -> 0.64340873 | AF14: =(G14/0.237)/(S14/0.17) -> 0.011703309 | AG14: =(M14/0.2055)/(S14/0.17) -> 1.8221283
A15: Clarke et al., 2013 | B15: Igneous | C15: 39.36 | D15: 13.34 | E15: 0.037 | F15: 2.92 | G15: 0.064 | H15: 0.278 | I15: 0.1054 | J15: 1.559 | K15: 3.25 | L15: 1.92 | M15: 6.77 | O15: 7.9 | P15: 1.509 | Q15: 3.98 | S15: 3.34 | T15: 0.447 | U15: 0.178 | V15: 0.0264 | AA15: 0.104 | AB15: 0.029 | AC15: 0.0256 | AD15: =L15/0.058/(K15/0.153*M15/0.2055)^0.5 -> 1.251379 | AE15: =H15/0.612/(G15/0.237*I15/0.095)^0.5 -> 0.82988718 | AF15: =(G15/0.237)/(S15/0.17) -> 0.013744663 | AG15: =(M15/0.2055)/(S15/0.17) -> 1.6767924
A16: Clarke et al., 2013 | B16: Igneous | C16: 41.38 | D16: 6.79 | E16: 0.031 | F16: 0.144 | G16: 0.049 | H16: 0.125 | I16: 0.0553 | J16: 1.624 | K16: 2.94 | L16: 2.006 | M16: 6.25 | O16: 7.36 | P16: 1.51 | Q16: 4.18 | S16: 3.94 | T16: 0.558 | U16: 0.066 | V16: 0.019 | AA16: 0.032 | AB16: 0.0687 | AC16: 0.0191 | AD16: =L16/0.058/(K16/0.153*M16/0.2055)^0.5 -> 1.4306747 | AE16: =H16/0.612/(G16/0.237*I16/0.095)^0.5 -> 0.58875412 | AF16: =(G16/0.237)/(S16/0.17) -> 0.0089207308 | AG16: =(M16/0.2055)/(S16/0.17) -> 1.312263
A17: Clarke et al., 2013 | B17: Igneous | C17: 24.95 | D17: 13.85 | E17: 0.036 | F17: 0.164 | G17: 0.0203 | H17: 0.159 | I17: 0.143 | J17: 2.31 | K17: 3.21 | L17: 2.02 | M17: 5.62 | O17: 5.2 | P17: 0.962 | Q17: 2.47 | S17: 2.042 | T17: 0.273 | U17: 0.146 | V17: 0.0163 | AA17: 0.034 | AB17: 0.0195 | AC17: 0.02 | AD17: =L17/0.058/(K17/0.153*M17/0.2055)^0.5 -> 1.4539663 | AE17: =H17/0.612/(G17/0.237*I17/0.095)^0.5 -> 0.72354516 | AF17: =(G17/0.237)/(S17/0.17) -> 0.007130843 | AG17: =(M17/0.2055)/(S17/0.17) -> 2.2767622
... A64: Clarke et al., 2013 | B64: Igneous | C64: 47.87 | D64: 11.87 | E64: 0.033 | F64: 0.147 | G64: 0.0206 | H64: 0.079 | I64: 0.0752 | J64: 1.58 | K64: 2.69 | L64: 1.781 | M64: 5.87 | O64: 8.69 | P64: 1.761 | Q64: 5.01 | S64: 4.51 | T64: 0.612 | U64: 0.224 | V64: 0.0206 | AA64: 0.037 | AB64: 0.0233 | AC64: 0.0203 | AD64: =L64/0.058/(K64/0.153*M64/0.2055)^0.5 -> 1.3702265 | AE64: =H64/0.612/(G64/0.237*I64/0.095)^0.5 -> 0.49211785 | AF64: =(G64/0.237)/(S64/0.17) -> 0.0032763573 | AG64: =(M64/0.2055)/(S64/0.17) -> 1.0767098
A65: Mahdy et al., 2023 | B65: Igneous | C65: 2109.55 | D65: 3.53 | H65: 0.17 | I65: 0.18 | J65: 3.61 | K65: 19.28 | L65: 1.41 | M65: 79.72 | N65: 35.41 | P65: 89.4 | Q65: 344.08 | R65: 69.7 | S65: 615.06 | T65: 99.1 | AD65: =L65/0.058/(K65/0.153*M65/0.2055)^0.5 -> 0.10995262 | AG65: =(M65/0.2055)/(S65/0.17) -> 0.10722274
A66: Mahdy et al., 2023 | B66: Igneous | C66: 1887.34 | D66: 1.79 | H66: 0.21 | I66: 0.19 | J66: 2.93 | K66: 12.03 | L66: 0.95 | M66: 49 | N66: 25.97 | P66: 83.11 | Q66: 337.01 | R66: 73.57 | S66: 679.04 | T66: 106.17 | AD66: =L66/0.058/(K66/0.153*M66/0.2055)^0.5 -> 0.11962347 | AG66: =(M66/0.2055)/(S66/0.17) -> 0.059694981
A67: Mahdy et al., 2023 | B67: Igneous | C67: 2639.24 | H67: 0.09 | I67: 0.08 | J67: 1.21 | K67: 5.08 | L67: 0.58 | M67: 21.24 | N67: 15.78 | P67: 107.54 | Q67: 640.44 | R67: 185.35 | S67: 2115.33 | T67: 409.33 | U67: 0.98 | AD67: =L67/0.058/(K67/0.153*M67/0.2055)^0.5 -> 0.17070354 | AG67: =(M67/0.2055)/(S67/0.17) -> 0.0083064122
A68: Mahdy et al., 2023 | B68: Igneous | C68: 2668.73 | D68: 1.1 | H68: 0.1 | I68: 0.09 | J68: 1.07 | K68: 4.78 | L68: 0.57 | M68: 22.79 | N68: 15.88 | P68: 104.48 | Q68: 611.82 | R68: 178.67 | S68: 2059.61 | T68: 402.5 | AD68: =L68/0.058/(K68/0.153*M68/0.2055)^0.5 -> 0.16695998 | AG68: =(M68/0.2055)/(S68/0.17) -> 0.0091536948
A69: Mahdy et al., 2023 | B69: Igneous | C69: 3921.19 | D69: 3.54 | H69: 0.2 | I69: 0.09 | J69: 1.31 | K69: 6.27 | L69: 1.66 | M69: 37.3 | N69: 28.49 | P69: 187.29 | Q69: 994.26 | R69: 264.1 | S69: 2668.11 | T69: 482.45 | AD69: =L69/0.058/(K69/0.153*M69/0.2055)^0.5 -> 0.33185131 | AG69: =(M69/0.2055)/(S69/0.17) -> 0.011564908
A70: Mahdy et al., 2023 | B70: Igneous | C70: 5095.19 | D70: 4.29 | H70: 0.24 | I70: 0.31 | J70: 3.87 | K70: 10.4 | L70: 0.5 | M70: 45.65 | N70: 31.35 | P70: 194.34 | Q70: 1118.33 | R70: 315.67 | S70: 3463.63 | T70: 671.07 | U70: 1.51 | AD70: =L70/0.058/(K70/0.153*M70/0.2055)^0.5 -> 0.070154669 | AG70: =(M70/0.2055)/(S70/0.17) -> 0.010903009
A71: Mahdy et al., 2023 | B71: Igneous | C71: 4674.48 | D71: 2.23 | H71: 0.11 | I71: 0.1 | J71: 1.43 | K71: 8.37 | L71: 1.11 | M71: 47.97 | N71: 34.19 | P71: 199.52 | Q71: 981.38 | R71: 232.37 | S71: 2217.2 | T71: 375.17 | U71: 1.38 | AC71: 0.08 | AD71: =L71/0.058/(K71/0.153*M71/0.2055)^0.5 -> 0.16935539 | AG71: =(M71/0.2055)/(S71/0.17) -> 0.017897894
A72: Mahdy et al., 2023 | B72: Igneous | C72: 9845.72 | D72: 3.29 | H72: 0.16 | I72: 0.13 | J72: 3.45 | K72: 18.16 | L72: 2.11 | M72: 103.41 | N72: 68.38 | P72: 307.77 | Q72: 1337.87 | R72: 290.36 | S72: 2543.39 | T72: 391.07 | U72: 1.72 | AC72: 0.12 | AD72: =L72/0.058/(K72/0.153*M72/0.2055)^0.5 -> 0.14885619 | AG72: =(M72/0.2055)/(S72/0.17) -> 0.033634631
A73: Mahdy et al., 2023 | B73: Igneous | C73: 10462.92 | D73: 3.48 | H73: 0.28 | I73: 0.3 | J73: 5.01 | K73: 23.46 | L73: 2.58 | M73: 119.79 | N73: 73.09 | P73: 320.72 | Q73: 1438.89 | R73: 323.39 | S73: 2994.19 | T73: 486.12 | U73: 2.54 | AB73: 1.1 | AC73: 0.13 | AD73: =L73/0.058/(K73/0.153*M73/0.2055)^0.5 -> 0.14878839 | AG73: =(M73/0.2055)/(S73/0.17) -> 0.033096213
A74: Mahdy et al., 2023 | B74: Igneous | C74: 12637.93 | D74: 3.27 | H74: 0.14 | I74: 0.25 | J74: 4.19 | K74: 20.88 | L74: 2.36 | M74: 122.9 | N74: 77.76 | P74: 392.37 | Q74: 1930.28 | R74: 452.36 | S74: 4377.61 | T74: 765.52 | U74: 2.33 | AC74: 0.14 | AD74: =L74/0.058/(K74/0.153*M74/0.2055)^0.5 -> 0.1424277 | AG74: =(M74/0.2055)/(S74/0.17) -> 0.023224796
A75: Mahdy et al., 2023 | B75: Igneous | C75: 11699.91 | D75: 6.08 | H75: 0.31 | I75: 0.24 | J75: 4.56 | K75: 20.48 | L75: 2.14 | M75: 113.41 | N75: 73.6 | P75: 373.87 | Q75: 1831.02 | R75: 436.61 | S75: 4258.97 | T75: 751.16 | AD75: =L75/0.058/(K75/0.153*M75/0.2055)^0.5 -> 0.13575216 | AG75: =(M75/0.2055)/(S75/0.17) -> 0.022028446
A76: Mahdy et al., 2023 | B76: Igneous | C76: 11979.27 | D76: 4.06 | H76: 0.29 | I76: 0.23 | J76: 4.18 | K76: 22.88 | L76: 2.4 | M76: 119.59 | N76: 76.26 | P76: 403.48 | Q76: 2044.96 | R76: 492.39 | S76: 4902.88 | T76: 898.54 | U76: 2.23 | AB76: 1.02 | AC76: 0.14 | AD76: =L76/0.058/(K76/0.153*M76/0.2055)^0.5 -> 0.14026827 | AG76: =(M76/0.2055)/(S76/0.17) -> 0.02017812
A77: Mahdy et al., 2023 | B77: Igneous | C77: 7670.14 | D77: 3 | H77: 0.14 | I77: 0.12 | J77: 2.48 | K77: 12.26 | L77: 1.75 | M77: 74.87 | N77: 51.15 | P77: 241.15 | Q77: 1031.97 | R77: 214.43 | S77: 1828.74 | T77: 273.25 | U77: 1.84 | AC77: 0.08 | AD77: =L77/0.058/(K77/0.153*M77/0.2055)^0.5 -> 0.17658855 | AG77: =(M77/0.2055)/(S77/0.17) -> 0.033868266
A78: Mahdy et al., 2023 | B78: Igneous | C78: 6207.78 | D78: 2.36 | H78: 0.14 | I78: 0.12 | J78: 1.53 | K78: 9.44 | L78: 1.63 | M78: 56.82 | N78: 42.57 | P78: 248.77 | Q78: 1241.5 | R78: 291.58 | S78: 2775.53 | T78: 485.01 | U78: 1.33 | AC78: 0.08 | AD78: =L78/0.058/(K78/0.153*M78/0.2055)^0.5 -> 0.21516649 | AG78: =(M78/0.2055)/(S78/0.17) -> 0.016935281
A79: Mahdy et al., 2023 | B79: Igneous | C79: 2822.5 | D79: 1.44 | H79: 0.07 | J79: 1.34 | K79: 4.74 | L79: 0.57 | M79: 23.84 | N79: 16.19 | P79: 102.8 | Q79: 607.63 | R79: 177 | S79: 2091.57 | T79: 439.64 | U79: 0.84 | AD79: =L79/0.058/(K79/0.153*M79/0.2055)^0.5 -> 0.16392915 | AG79: =(M79/0.2055)/(S79/0.17) -> 0.0094291152
A80: Mahdy et al., 2023 | B80: Igneous | C80: 3041.26 | D80: 2.33 | H80: 0.11 | I80: 0.09 | J80: 1.48 | K80: 6.18 | L80: 0.67 | M80: 33.03 | N80: 24.67 | P80: 182.72 | Q80: 1127.27 | R80: 316.68 | S80: 3470.78 | T80: 695.18 | U80: 0.94 | AC80: 0.06 | AD80: =L80/0.058/(K80/0.153*M80/0.2055)^0.5 -> 0.14336724 | AG80: =(M80/0.2055)/(S80/0.17) -> 0.0078726072
A81: Mahdy et al., 2023 | B81: Igneous | C81: 1545.43 | D81: 1.44 | H81: 0.16 | I81: 0.11 | J81: 2.17 | K81: 9.35 | L81: 0.79 | M81: 39.1 | N81: 20.56 | P81: 66.95 | Q81: 274.77 | R81: 60.03 | S81: 527.43 | T81: 81.1 | AD81: =L81/0.058/(K81/0.153*M81/0.2055)^0.5 -> 0.12631547 | AG81: =(M81/0.2055)/(S81/0.17) -> 0.061326619
A82: Mahdy et al., 2023 | B82: Igneous | C82: 2378.69 | H82: 0.08 | I82: 0.12 | J82: 1.1 | K82: 3.96 | L82: 0.5 | M82: 19.18 | N82: 13.81 | P82: 89.85 | Q82: 548.06 | R82: 161.18 | S82: 1908.27 | T82: 388.65 | U82: 0.98 | AD82: =L82/0.058/(K82/0.153*M82/0.2055)^0.5 -> 0.17539683 | AG82: =(M82/0.2055)/(S82/0.17) -> 0.0083146864
A83: Mahdy et al., 2023 | B83: Igneous | C83: 2800 | D83: 5.63 | H83: 0.26 | I83: 0.15 | J83: 1.35 | K83: 5.93 | L83: 0.67 | M83: 28.62 | N83: 20.58 | P83: 154.52 | Q83: 940.48 | R83: 274.14 | S83: 3169.64 | T83: 638.42 | AD83: =L83/0.058/(K83/0.153*M83/0.2055)^0.5 -> 0.15723031 | AG83: =(M83/0.2055)/(S83/0.17) -> 0.0074695904
A84: Mahdy et al., 2023 | B84: Igneous | C84: 3936.35 | H84: 0.19 | I84: 0.11 | J84: 1.89 | K84: 7.71 | L84: 0.64 | M84: 39.75 | N84: 28.77 | P84: 194.57 | Q84: 1070.29 | R84: 280.15 | S84: 2915.67 | T84: 552.58 | AC84: 0.16 | AD84: =L84/0.058/(K84/0.153*M84/0.2055)^0.5 -> 0.11176552 | AG84: =(M84/0.2055)/(S84/0.17) -> 0.011278098
A85: Mahdy et al., 2023 | B85: Igneous | C85: 4787.06 | H85: 0.08 | J85: 1.3 | K85: 8.65 | L85: 2.16 | M85: 48.16 | N85: 34.89 | P85: 209.21 | Q85: 1062.6 | R85: 256.17 | S85: 2437.69 | T85: 399.85 | U85: 1.52 | AD85: =L85/0.058/(K85/0.153*M85/0.2055)^0.5 -> 0.32353859 | AG85: =(M85/0.2055)/(S85/0.17) -> 0.016343501
A86: Mahdy et al., 2023 | B86: Igneous | C86: 2821.68 | H86: 0.08 | I86: 0.07 | J86: 1.3 | K86: 5.44 | L86: 0.57 | M86: 24.6 | N86: 16.76 | P86: 111.97 | Q86: 693.82 | R86: 199.75 | S86: 2305.31 | T86: 478.93 | AD86: =L86/0.058/(K86/0.153*M86/0.2055)^0.5 -> 0.15063694 | AG86: =(M86/0.2055)/(S86/0.17) -> 0.0088276045
A87: Mahdy et al., 2023 | B87: Igneous | C87: 2952.38 | D87: 1.47 | H87: 0.1 | I87: 0.09 | J87: 1.1 | K87: 5.44 | L87: 0.59 | M87: 24.59 | N87: 17.63 | P87: 117.51 | Q87: 720.16 | R87: 215.52 | S87: 2587.64 | T87: 570.82 | U87: 0.81 | AD87: =L87/0.058/(K87/0.153*M87/0.2055)^0.5 -> 0.15595415 | AG87: =(M87/0.2055)/(S87/0.17) -> 0.0078612529
A88: Mahdy et al., 2023 | B88: Igneous | C88: 7060.86 | D88: 7.52 | G88: 0.44 | H88: 5.28 | I88: 1.97 | J88: 15.73 | K88: 35.32 | L88: 2.59 | M88: 107.83 | N88: 59.27 | P88: 282.77 | Q88: 1494.43 | R88: 383.77 | S88: 4093.26 | T88: 766.84 | U88: 2.38 | AC88: 0.67 | AD88: =L88/0.058/(K88/0.153*M88/0.2055)^0.5 -> 0.1283049 | AE88: =H88/0.612/(G88/0.237*I88/0.095)^0.5 -> 1.3904617 | AF88: =(G88/0.237)/(S88/0.17) -> 7.7105245e-05 | AG88: =(M88/0.2055)/(S88/0.17) -> 0.021792516
A89: Mahdy et al., 2023 | B89: Igneous | C89: 2900.5 | D89: 1.71 | I89: 0.09 | J89: 1.4 | K89: 6.23 | L89: 0.6 | M89: 30.18 | N89: 24.17 | P89: 186.09 | Q89: 1162.52 | R89: 341.69 | S89: 3901.88 | T89: 797.21 | U89: 1.05 | AD89: =L89/0.058/(K89/0.153*M89/0.2055)^0.5 -> 0.13377386 | AG89: =(M89/0.2055)/(S89/0.17) -> 0.0063985626
A90: Mahdy et al., 2023 | B90: Igneous | C90: 2757.67 | I90: 0.07 | J90: 1.3 | K90: 6.38 | L90: 0.59 | M90: 27.99 | N90: 22.88 | P90: 174.08 | Q90: 1094.44 | R90: 320.22 | S90: 3626.78 | T90: 728.42 | U90: 1.27 | AD90: =L90/0.058/(K90/0.153*M90/0.2055)^0.5 -> 0.13497827 | AG90: =(M90/0.2055)/(S90/0.17) -> 0.0063843808
A91: Mahdy et al., 2023 | B91: Igneous | C91: 2739.44 | D91: 1.53 | H91: 0.06 | I91: 0.09 | J91: 0.97 | K91: 4.91 | L91: 0.66 | M91: 26.03 | N91: 16.46 | P91: 107.92 | Q91: 660.44 | R91: 195.44 | S91: 2391.27 | T91: 518.57 | U91: 0.67 | AD91: =L91/0.058/(K91/0.153*M91/0.2055)^0.5 -> 0.17848008 | AG91: =(M91/0.2055)/(S91/0.17) -> 0.0090049778
A92: Mahdy et al., 2023 | B92: Igneous | C92: 7220.01 | D92: 2.56 | H92: 0.08 | I92: 0.11 | J92: 1.85 | K92: 11.18 | L92: 3.26 | M92: 60.82 | N92: 46.67 | P92: 317.62 | Q92: 1801.89 | R92: 482.54 | S92: 5040.34 | T92: 921.97 | U92: 1.78 | AC92: 0.09 | AD92: =L92/0.058/(K92/0.153*M92/0.2055)^0.5 -> 0.38220567 | AG92: =(M92/0.2055)/(S92/0.17) -> 0.0099821405
A93: Yang et al., 2024 | B93: Igneous | C93: 10285 | D93: 0.74 | E93: 0.03 | F93: 0 | G93: 0.01 | H93: 0.02 | I93: 0.04 | J93: 1.47 | K93: 13.1 | L93: 0.05 | M93: 126 | N93: 64.2 | O93: 903 | P93: 376 | Q93: 1921 | R93: 475 | S93: 4229 | T93: 823 | U93: 0.15 | V93: 0.14 | AA93: 0 | AB93: 0 | AC93: 0.04 | AD93: =L93/0.058/(K93/0.153*M93/0.2055)^0.5 -> 0.0037624672 | AE93: =H93/0.612/(G93/0.237*I93/0.095)^0.5 -> 0.24517972 | AF93: =(G93/0.237)/(S93/0.17) -> 1.6961447e-06 | AG93: =(M93/0.2055)/(S93/0.17) -> 0.024647334
A94: Yang et al., 2024 | B94: Igneous | C94: 8157 | D94: 2.39 | E94: 0.02 | F94: 0.43 | G94: 0.01 | H94: 0.03 | I94: 0.03 | J94: 1.34 | K94: 12.6 | L94: 0.09 | M94: 114 | N94: 56.3 | O94: 763 | P94: 307 | Q94: 1547 | R94: 396 | S94: 3513 | T94: 685 | U94: 0.25 | V94: 0.05 | AA94: 0.01 | AB94: 0 | AC94: 0.02 | AD94: =L94/0.058/(K94/0.153*M94/0.2055)^0.5 -> 0.0072598633 | AE94: =H94/0.612/(G94/0.237*I94/0.095)^0.5 -> 0.42466374 | AF94: =(G94/0.237)/(S94/0.17) -> 2.0418434e-06 | AG94: =(M94/0.2055)/(S94/0.17) -> 0.026845024
A95: Yang et al., 2024 | B95: Igneous | C95: 8296 | D95: 2.21 | E95: 0.17 | F95: 0.36 | G95: 0.12 | H95: 0.05 | I95: 0.08 | J95: 1.66 | K95: 13.2 | L95: 0.09 | M95: 121 | N95: 58.9 | O95: 784 | P95: 307 | Q95: 1583 | R95: 409 | S95: 3744 | T95: 740 | U95: 0.17 | V95: 0.04 | AA95: 0 | AB95: 0 | AC95: 0.03 | AD95: =L95/0.058/(K95/0.153*M95/0.2055)^0.5 -> 0.0068847234 | AE95: =H95/0.612/(G95/0.237*I95/0.095)^0.5 -> 0.12511775 | AF95: =(G95/0.237)/(S95/0.17) -> 2.2990371e-05 | AG95: =(M95/0.2055)/(S95/0.17) -> 0.026735396
A96: Yang et al., 2024 | B96: Igneous | C96: 9042 | D96: 2.19 | E96: 0.1 | F96: 0.35 | G96: 0 | H96: 0.03 | I96: 0.03 | J96: 1.84 | K96: 16.1 | L96: 0.09 | M96: 135 | N96: 65.8 | O96: 838 | P96: 311 | Q96: 1574 | R96: 430 | S96: 4060 | T96: 796 | U96: 0.11 | V96: 0.03 | AA96: 0.02 | AB96: 0 | AC96: 0.02 | AD96: =L96/0.058/(K96/0.153*M96/0.2055)^0.5 -> 0.0059018249 | AG96: =(M96/0.2055)/(S96/0.17) -> 0.027507102
A97: Yang et al., 2024 | B97: Igneous | C97: 7714 | D97: 1.3 | E97: 0.17 | F97: 0.23 | G97: 0 | H97: 0.04 | I97: 0.04 | J97: 1.75 | K97: 14.9 | L97: 0.08 | M97: 122 | N97: 58.8 | O97: 728 | P97: 263 | Q97: 1311 | R97: 362 | S97: 3503 | T97: 687 | U97: 0.08 | V97: 0.05 | AA97: 0.02 | AB97: 0 | AC97: 0.03 | AD97: =L97/0.058/(K97/0.153*M97/0.2055)^0.5 -> 0.0057364151 | AG97: =(M97/0.2055)/(S97/0.17) -> 0.028810898
A98: Yang et al., 2024 | B98: Igneous | C98: 8275 | D98: 2.37 | E98: 0.14 | F98: 0 | G98: 0.01 | H98: 0.03 | I98: 0.06 | J98: 1.6 | K98: 17.7 | L98: 0.16 | M98: 133 | N98: 65 | O98: 772 | P98: 265 | Q98: 1291 | R98: 349 | S98: 3331 | T98: 633 | U98: 0.06 | V98: 0.12 | AA98: 0.16 | AB98: 2.44 | AC98: 0.11 | AD98: =L98/0.058/(K98/0.153*M98/0.2055)^0.5 -> 0.01008164 | AE98: =H98/0.612/(G98/0.237*I98/0.095)^0.5 -> 0.30028261 | AF98: =(G98/0.237)/(S98/0.17) -> 2.1534061e-06 | AG98: =(M98/0.2055)/(S98/0.17) -> 0.033030421
A99: Yang et al., 2024 | B99: Igneous | C99: 6440 | D99: 1.93 | E99: 0.13 | F99: 0 | G99: 0.01 | H99: 0.03 | I99: 0.02 | J99: 1.56 | K99: 15.2 | L99: 0.06 | M99: 109 | N99: 52.6 | O99: 603 | P99: 185 | Q99: 844 | R99: 221 | S99: 2070 | T99: 364 | U99: 0.25 | V99: 0.21 | AA99: 0.01 | AB99: 0 | AC99: 0.04 | AD99: =L99/0.058/(K99/0.153*M99/0.2055)^0.5 -> 0.0045065048 | AE99: =H99/0.612/(G99/0.237*I99/0.095)^0.5 -> 0.52010474 | AF99: =(G99/0.237)/(S99/0.17) -> 3.4652154e-06 | AG99: =(M99/0.2055)/(S99/0.17) -> 0.043560539
A100: Yang et al., 2024 | B100: Igneous | C100: 6532 | D100: 2 | E100: 0.18 | F100: 0.14 | G100: 0 | H100: 0.04 | I100: 0.07 | J100: 1.77 | K100: 16.8 | L100: 0.11 | M100: 111 | N100: 54.1 | O100: 610 | P100: 182 | Q100: 859 | R100: 247 | S100: 2502 | T100: 471 | U100: 0.15 | V100: 0.23 | AA100: 0 | AB100: 0 | AC100: 0.04 | AD100: =L100/0.058/(K100/0.153*M100/0.2055)^0.5 -> 0.0077875382 | AG100: =(M100/0.2055)/(S100/0.17) -> 0.036700567
A101: Yang et al., 2024 | B101: Igneous | C101: 2723 | D101: 0.97 | E101: 1.47 | F101: 1.6 | G101: 1.63 | H101: 0.7 | I101: 0.49 | J101: 2.79 | K101: 6.5 | L101: 0.36 | M101: 53.2 | N101: 26.7 | O101: 311 | P101: 100 | Q101: 418 | R101: 87 | S101: 2652 | T101: 105 | U101: 0.33 | V101: 0.22 | AA101: 0.03 | AB101: 0 | AC101: 0.04 | AD101: =L101/0.058/(K101/0.153*M101/0.2055)^0.5 -> 0.059185271 | AE101: =H101/0.612/(G101/0.237*I101/0.095)^0.5 -> 0.19203958 | AF101: =(G101/0.237)/(S101/0.17) -> 0.00044087418 | AG101: =(M101/0.2055)/(S101/0.17) -> 0.016594922
A102: Yang et al., 2024 | B102: Igneous | C102: 8112 | D102: 2.83 | E102: 0.13 | F102: 0.16 | G102: 0.03 | H102: 0.04 | I102: 0.06 | J102: 1.73 | K102: 18.1 | L102: 0.1 | M102: 131 | N102: 63.5 | O102: 763 | P102: 266 | Q102: 1293 | R102: 340 | S102: 3244 | T102: 608 | U102: 0.07 | V102: 0.31 | AA102: 0.05 | AB102: 0 | AC102: 0.03 | AD102: =L102/0.058/(K102/0.153*M102/0.2055)^0.5 -> 0.0062783959 | AE102: =H102/0.612/(G102/0.237*I102/0.095)^0.5 -> 0.23115766 | AF102: =(G102/0.237)/(S102/0.17) -> 6.6334733e-06 | AG102: =(M102/0.2055)/(S102/0.17) -> 0.033406236
A103: Yang et al., 2024 | B103: Igneous | C103: 5628 | D103: 1.86 | E103: 0.6 | F103: 0.81 | G103: 0.64 | H103: 0.38 | I103: 0.26 | J103: 1.77 | K103: 11 | L103: 0.09 | M103: 84.4 | N103: 41.8 | O103: 533 | P103: 197 | Q103: 1034 | R103: 276 | S103: 2623 | T103: 543 | U103: 0.27 | V103: 0.49 | AA103: 0.02 | AB103: 0 | AC103: 0.03 | AD103: =L103/0.058/(K103/0.153*M103/0.2055)^0.5 -> 0.0090302251 | AE103: =H103/0.612/(G103/0.237*I103/0.095)^0.5 -> 0.22839758 | AF103: =(G103/0.237)/(S103/0.17) -> 0.00017501782 | AG103: =(M103/0.2055)/(S103/0.17) -> 0.026618357
A104: Yang et al., 2024 | B104: Igneous | C104: 7324 | D104: 2.17 | E104: 0.04 | F104: 0 | G104: 0.01 | H104: 0.02 | I104: 0.02 | J104: 1 | K104: 10.4 | L104: 0.09 | M104: 99.3 | N104: 50.7 | O104: 680 | P104: 277 | Q104: 1461 | R104: 373 | S104: 3358 | T104: 705 | U104: 0.11 | V104: 0.5 | AA104: 2.49 | AB104: 6.05 | AC104: 0.79 | AD104: =L104/0.058/(K104/0.153*M104/0.2055)^0.5 -> 0.0085619926 | AE104: =H104/0.612/(G104/0.237*I104/0.095)^0.5 -> 0.34673649 | AF104: =(G104/0.237)/(S104/0.17) -> 2.1360917e-06 | AG104: =(M104/0.2055)/(S104/0.17) -> 0.024462771
A105: Yang et al., 2024 | B105: Igneous | C105: 6503 | D105: 1.17 | E105: 0 | F105: 0 | G105: 0 | H105: 0.02 | I105: 0.04 | J105: 0.73 | K105: 6.7 | L105: 0.07 | M105: 71.6 | N105: 39.3 | O105: 568 | P105: 253 | Q105: 1337 | R105: 311 | S105: 2584 | T105: 523 | U105: 0.28 | V105: 0.23 | AA105: 0.05 | AB105: 0.69 | AC105: 0.05 | AD105: =L105/0.058/(K105/0.153*M105/0.2055)^0.5 -> 0.0097707469 | AG105: =(M105/0.2055)/(S105/0.17) -> 0.022922269
A106: Yang et al., 2024 | B106: Igneous | C106: 10852 | D106: 1.03 | E106: 0.02 | F106: 0.36 | G106: 0.02 | H106: 0.03 | I106: 0.04 | J106: 1.32 | K106: 12.8 | L106: 0.05 | M106: 126 | N106: 67.7 | O106: 935 | P106: 393 | Q106: 2003 | R106: 477 | S106: 4003 | T106: 767 | U106: 0.24 | V106: 0.27 | AA106: 0.21 | AB106: 1.83 | AC106: 0.57 | AD106: =L106/0.058/(K106/0.153*M106/0.2055)^0.5 -> 0.0038063032 | AE106: =H106/0.612/(G106/0.237*I106/0.095)^0.5 -> 0.26005237 | AF106: =(G106/0.237)/(S106/0.17) -> 3.58381e-06 | AG106: =(M106/0.2055)/(S106/0.17) -> 0.026038865
A107: Yang et al., 2024 | B107: Igneous | C107: 3922 | D107: 1.66 | E107: 0.26 | F107: 0.29 | G107: 0.12 | H107: 0.09 | I107: 0.14 | J107: 1.78 | K107: 17.4 | L107: 0.11 | M107: 120 | N107: 60 | O107: 738 | P107: 257 | Q107: 1254 | R107: 335 | S107: 3178 | T107: 592 | U107: 0.14 | V107: 0.07 | AA107: 0 | AB107: 0 | AC107: 0.03 | AD107: =L107/0.058/(K107/0.153*M107/0.2055)^0.5 -> 0.0073595468 | AE107: =H107/0.612/(G107/0.237*I107/0.095)^0.5 -> 0.17024424 | AF107: =(G107/0.237)/(S107/0.17) -> 2.7084943e-05 | AG107: =(M107/0.2055)/(S107/0.17) -> 0.03123665
A108: Yang et al., 2024 | B108: Igneous | C108: 9829 | D108: 2.82 | E108: 0.27 | F108: 0.12 | G108: 0 | H108: 0.03 | I108: 0.05 | J108: 2.15 | K108: 21.2 | L108: 0.03 | M108: 216 | N108: 92 | O108: 997 | P108: 292 | Q108: 1097 | R108: 214 | S108: 1580 | T108: 245 | U108: 0.07 | V108: 0.02 | AA108: 0 | AB108: 0 | AC108: 0.02 | AD108: =L108/0.058/(K108/0.153*M108/0.2055)^0.5 -> 0.0013553457 | AG108: =(M108/0.2055)/(S108/0.17) -> 0.11309249
A109: Yang et al., 2024 | B109: Igneous | C109: 10136 | D109: 2.65 | E109: 0.21 | F109: 0 | G109: 0.01 | H109: 0.05 | I109: 0.06 | J109: 2.36 | K109: 20.8 | L109: 0.03 | M109: 213 | N109: 93 | O109: 1032 | P109: 306 | Q109: 1175 | R109: 228 | S109: 1674 | T109: 256 | U109: 0.05 | V109: 0.02 | AA109: 0 | AB109: 0.01 | AC109: 0.03 | AD109: =L109/0.058/(K109/0.153*M109/0.2055)^0.5 -> 0.0013779181 | AE109: =H109/0.612/(G109/0.237*I109/0.095)^0.5 -> 0.50047102 | AF109: =(G109/0.237)/(S109/0.17) -> 4.2849437e-06 | AG109: =(M109/0.2055)/(S109/0.17) -> 0.10525949
A110: Yang et al., 2024 | B110: Igneous | C110: 10285 | D110: 0.74 | E110: 0.03 | F110: 0 | G110: 0.01 | H110: 0.02 | I110: 0.04 | J110: 1.47 | K110: 13.1 | L110: 0.05 | M110: 126 | N110: 64.2 | O110: 903 | P110: 376 | Q110: 1921 | R110: 475 | S110: 4229 | T110: 823 | U110: 0.12 | V110: 0.32 | AA110: 0.11 | AB110: 0.7 | AC110: 0.1 | AD110: =L110/0.058/(K110/0.153*M110/0.2055)^0.5 -> 0.0037624672 | AE110: =H110/0.612/(G110/0.237*I110/0.095)^0.5 -> 0.24517972 | AF110: =(G110/0.237)/(S110/0.17) -> 1.6961447e-06 | AG110: =(M110/0.2055)/(S110/0.17) -> 0.024647334
A111: Yang et al., 2024 | B111: Igneous | C111: 8157 | D111: 2.39 | E111: 0.02 | F111: 0.43 | G111: 0.01 | H111: 0.03 | I111: 0.03 | J111: 1.34 | K111: 12.6 | L111: 0.09 | M111: 114 | N111: 56.3 | O111: 763 | P111: 307 | Q111: 1547 | R111: 396 | S111: 3513 | T111: 685 | U111: 0.29 | V111: 1.24 | AA111: 0.33 | AB111: 0 | AC111: 0.03 | AD111: =L111/0.058/(K111/0.153*M111/0.2055)^0.5 -> 0.0072598633 | AE111: =H111/0.612/(G111/0.237*I111/0.095)^0.5 -> 0.42466374 | AF111: =(G111/0.237)/(S111/0.17) -> 2.0418434e-06 | AG111: =(M111/0.2055)/(S111/0.17) -> 0.026845024
A112: Yang et al., 2024 | B112: Igneous | C112: 8296 | D112: 2.21 | E112: 0.17 | F112: 0.36 | G112: 0.12 | H112: 0.05 | I112: 0.08 | J112: 1.66 | K112: 13.2 | L112: 0.09 | M112: 121 | N112: 58.9 | O112: 784 | P112: 307 | Q112: 1583 | R112: 409 | S112: 3744 | T112: 740 | U112: 0.28 | V112: 0.38 | AA112: 0.06 | AB112: 0 | AC112: 0.04 | AD112: =L112/0.058/(K112/0.153*M112/0.2055)^0.5 -> 0.0068847234 | AE112: =H112/0.612/(G112/0.237*I112/0.095)^0.5 -> 0.12511775 | AF112: =(G112/0.237)/(S112/0.17) -> 2.2990371e-05 | AG112: =(M112/0.2055)/(S112/0.17) -> 0.026735396
A113: Vozniak et al., 2023 | B113: Igneous | C113: 44 | D113: 410 | E113: 134 | F113: 790 | P113: 10 | Q113: 10 | R113: 5 | AB113: 27 | AC113: 5
A114: Vozniak et al., 2023 | B114: Igneous | C114: 32 | D114: 182 | E114: 68 | F114: 774 | P114: 10 | Q114: 10 | R114: 5 | AB114: 26 | AC114: 5
A115: Vozniak et al., 2023 | B115: Igneous | C115: 196 | D115: 2890 | E115: 133 | F115: 475 | Q115: 14
A116: Vozniak et al., 2023 | B116: Igneous | C116: 21 | D116: 255 | E116: 126 | F116: 449 | P116: 13 | AB116: 10
A117: Vozniak et al., 2023 | B117: Igneous | C117: 26 | D117: 210 | E117: 175 | F117: 1068 | P117: 10 | AB117: 12
A118: Vozniak et al., 2023 | B118: Igneous | C118: 18 | D118: 171 | E118: 141 | F118: 666 | P118: 11 | AB118: 10
A119: Vozniak et al., 2023 | B119: Igneous | C119: 22 | D119: 172 | E119: 143 | F119: 667 | P119: 12 | AB119: 13
A120: Vozniak et al., 2023 | B120: Igneous | C120: 40 | D120: 98 | E120: 240 | F120: 911 | P120: 29 | AB120: 39
A121: Vozniak et al., 2023 | B121: Igneous | C121: 48 | D121: 538 | E121: 277 | F121: 1530 | P121: 15
A122: Vozniak et al., 2023 | B122: Igneous | C122: 32 | D122: 276 | E122: 182 | F122: 986 | P122: 11 | Q122: 16 | AB122: 18
A123: Vozniak et al., 2023 | B123: Igneous | C123: 37 | D123: 285 | E123: 214 | F123: 1245 | P123: 33 | AB123: 11
A124: Vozniak et al., 2023 | B124: Igneous | C124: 19 | D124: 164 | E124: 106 | F124: 1236 | AB124: 12
A125: Vozniak et al., 2023 | B125: Igneous | C125: 25 | D125: 266 | E125: 161 | F125: 538 | AB125: 18
A126: Vozniak et al., 2023 | B126: Igneous | C126: 32 | D126: 276 | E126: 161 | F126: 1140 | AB126: 12
A127: Habler et al., 2007 | B127: Igneous | C127: 98.6 | D127: 9 | E127: 0.02 | F127: 0.1 | G127: 0.01 | H127: 0.025 | I127: 0.01 | J127: 0.06 | K127: 0.566 | L127: 0.016 | M127: 3.71 | N127: 1.99 | O127: 15.22 | P127: 3.04 | Q127: 9.71 | R127: 1.94 | T127: 2.38 | U127: 0.177 | V127: 0.02 | AA127: 0.04 | AB127: 0.01 | AC127: 0.031 | AD127: =L127/0.058/(K127/0.153*M127/0.2055)^0.5 -> 0.033755803 | AE127: =H127/0.612/(G127/0.237*I127/0.095)^0.5 -> 0.61294931
A128: Habler et al., 2007 | B128: Igneous | C128: 348.9 | D128: 16.9 | E128: 0.1 | F128: 0.08 | G128: 0.012 | H128: 0.01 | I128: 0.01 | J128: 0.161 | K128: 2.74 | L128: 0.01 | M128: 19.58 | N128: 8.26 | O128: 59.74 | P128: 10.93 | Q128: 30.95 | R128: 5.81 | T128: 6.74 | U128: 0.623 | V128: 0.421 | AA128: 0.04 | AB128: 0.003 | AC128: 0.09 | AD128: =L128/0.058/(K128/0.153*M128/0.2055)^0.5 -> 0.0041738997 | AE128: =H128/0.612/(G128/0.237*I128/0.095)^0.5 -> 0.22381744
A129: Habler et al., 2007 | B129: Igneous | C129: 392.5 | D129: 19.2 | E129: 0.2 | F129: 0.1 | G129: 0.01 | H129: 0.327 | I129: 0.008 | J129: 0.169 | K129: 2.77 | L129: 0.039 | M129: 21.78 | N129: 9.13 | O129: 69 | P129: 13.17 | Q129: 39.56 | R129: 7.97 | T129: 9.98 | U129: 0.711 | V129: 1.05 | AA129: 0.03 | AB129: 0.01 | AC129: 0.601 | AD129: =L129/0.058/(K129/0.153*M129/0.2055)^0.5 -> 0.01535039 | AE129: =H129/0.612/(G129/0.237*I129/0.095)^0.5 -> 8.9637
A130: Habler et al., 2007 | B130: Igneous | C130: 464.2 | D130: 17.6 | E130: 0.01 | F130: 0.1 | G130: 0.01 | H130: 0.01 | I130: 0.008 | J130: 0.125 | K130: 1.92 | L130: 0.03 | M130: 15.34 | N130: 8.56 | O130: 77.88 | P130: 15.17 | Q130: 44.04 | R130: 8.19 | T130: 9.23 | U130: 0.627 | V130: 0.057 | AA130: 0.031 | AB130: 0.02 | AC130: 0.078 | AD130: =L130/0.058/(K130/0.153*M130/0.2055)^0.5 -> 0.016899801 | AE130: =H130/0.612/(G130/0.237*I130/0.095)^0.5 -> 0.27411927
A131: Habler et al., 2007 | B131: Igneous | C131: 112.2 | D131: 11 | E131: 0 | F131: 0.07 | G131: 0.01 | H131: 0.147 | I131: 0.011 | J131: 0.06 | K131: 0.685 | L131: 0.019 | M131: 7.39 | N131: 3.12 | O131: 22.75 | P131: 3.72 | Q131: 9.92 | R131: 1.96 | T131: 2.17 | U131: 0.328 | V131: 0.074 | AA131: 0.05 | AB131: 0.01 | AC131: 0.16 | AD131: =L131/0.058/(K131/0.153*M131/0.2055)^0.5 -> 0.025817235 | AE131: =H131/0.612/(G131/0.237*I131/0.095)^0.5 -> 3.4364145
A132: Habler et al., 2007 | B132: Igneous | C132: 121.8 | D132: 11.5 | E132: 0 | F132: 0.09 | G132: 0.012 | H132: 0.01 | I132: 0.01 | J132: 0.142 | K132: 1.16 | L132: 0.02 | M132: 8.18 | N132: 3.97 | O132: 25.07 | P132: 3.43 | Q132: 8.75 | R132: 1.475 | T132: 1.48 | U132: 0.394 | V132: 0.051 | AA132: 0.026 | AB132: 0.01 | AC132: 0.033 | AD132: =L132/0.058/(K132/0.153*M132/0.2055)^0.5 -> 0.019849427 | AE132: =H132/0.612/(G132/0.237*I132/0.095)^0.5 -> 0.22381744
A133: Habler et al., 2007 | B133: Igneous | C133: 297.2 | D133: 19.9 | E133: 0.1 | F133: 0.05 | G133: 0.029 | H133: 0.01 | I133: 0.01 | J133: 0.197 | K133: 2.03 | L133: 0.021 | M133: 15.95 | N133: 7.8 | O133: 60.41 | P133: 9.3 | Q133: 23.64 | R133: 3.86 | T133: 3.93 | U133: 0.685 | V133: 0.132 | AA133: 0.04 | AB133: 0.01 | AC133: 0.178 | AD133: =L133/0.058/(K133/0.153*M133/0.2055)^0.5 -> 0.01128274 | AE133: =H133/0.612/(G133/0.237*I133/0.095)^0.5 -> 0.14397449
A134: Habler et al., 2007 | B134: Igneous | C134: 211.7 | D134: 14.9 | E134: 0.5 | F134: 0 | G134: 0.01 | H134: 0.366 | I134: 0.054 | J134: 0.09 | K134: 1.71 | L134: 0.024 | M134: 11.6 | N134: 5.55 | O134: 38.6 | P134: 6.74 | Q134: 19.45 | R134: 3.83 | T134: 4.78 | U134: 0.391 | V134: 0.895 | AA134: 0.042 | AB134: 0.01 | AC134: 0.053 | AD134: =L134/0.058/(K134/0.153*M134/0.2055)^0.5 -> 0.016474332 | AE134: =H134/0.612/(G134/0.237*I134/0.095)^0.5 -> 3.8616131
A135: Habler et al., 2007 | B135: Igneous | C135: 267 | D135: 18.7 | E135: 0.3 | F135: 0.1 | G135: 0.02 | H135: 0.039 | I135: 0.01 | J135: 0.088 | K135: 1.58 | L135: 0.058 | M135: 13.84 | N135: 6.59 | O135: 46.79 | P135: 8.76 | Q135: 25.08 | R135: 4.81 | T135: 6.51 | U135: 0.669 | V135: 0.988 | AA135: 0.349 | AB135: 0.011 | AC135: 1.236 | AD135: =L135/0.058/(K135/0.153*M135/0.2055)^0.5 -> 0.03791884 | AE135: =H135/0.612/(G135/0.237*I135/0.095)^0.5 -> 0.67613616
A136: Habler et al., 2007 | B136: Igneous | C136: 126.5 | D136: 2.3 | E136: 0.01 | F136: 0.4 | G136: 0.01 | H136: 0.015 | I136: 0.012 | J136: 0.058 | K136: 0.177 | L136: 0.01 | M136: 1.5 | N136: 1.016 | O136: 14.51 | P136: 4.74 | Q136: 19.76 | R136: 5.03 | T136: 7.76 | U136: 0.095 | V136: 0.025 | AA136: 1.135 | AB136: 0.018 | AC136: 0.026 | AD136: =L136/0.058/(K136/0.153*M136/0.2055)^0.5 -> 0.059332326 | AE136: =H136/0.612/(G136/0.237*I136/0.095)^0.5 -> 0.33572616
A137: Habler et al., 2007 | B137: Igneous | C137: 218.5 | D137: 16.7 | E137: 0.1 | F137: 0.07 | G137: 0.024 | H137: 0.044 | I137: 0.01 | J137: 0.068 | K137: 1.83 | L137: 0.02 | M137: 14.39 | N137: 5.62 | O137: 39.26 | P137: 7.2 | Q137: 22.07 | R137: 4.1 | T137: 6.03 | U137: 0.258 | V137: 0.514 | AA137: 0.119 | AB137: 0.06 | AC137: 0.326 | AD137: =L137/0.058/(K137/0.153*M137/0.2055)^0.5 -> 0.0119151 | AE137: =H137/0.612/(G137/0.237*I137/0.095)^0.5 -> 0.69635646
A138: Habler et al., 2007 | B138: Igneous | C138: 88.8 | D138: 10.9 | E138: 0.5 | F138: 0.09 | G138: 0.01 | H138: 0.041 | I138: 0.244 | J138: 0.064 | K138: 0.567 | L138: 0.01 | M138: 5.02 | N138: 2.25 | O138: 17.05 | P138: 3.05 | Q138: 8.99 | R138: 1.73 | T138: 2.19 | U138: 0.37 | V138: 0.051 | AA138: 0.02 | AB138: 0.01 | AC138: 0.013 | AD138: =L138/0.058/(K138/0.153*M138/0.2055)^0.5 -> 0.01812092 | AE138: =H138/0.612/(G138/0.237*I138/0.095)^0.5 -> 0.20350426
A139: Pertermann et al., 2004 | B139: Igneous | C139: 212 | E139: 0.3 | F139: 0.7 | G139: 1.1 | H139: 0.4 | J139: 5.1 | K139: 26 | L139: 35 | M139: 90 | O139: 340 | Q139: 643 | S139: 1353 | T139: 1553 | U139: 18 | AA139: 0.4 | AB139: 1.1 | AC139: 6.1 | AD139: =L139/0.058/(K139/0.153*M139/0.2055)^0.5 -> 2.211993 | AF139: =(G139/0.237)/(S139/0.17) -> 0.00058317039 | AG139: =(M139/0.2055)/(S139/0.17) -> 0.055027757
A140: Pertermann et al., 2004 | B140: Igneous | C140: 270 | E140: 0.5 | F140: 0.3 | G140: 0.1 | H140: 0.6 | J140: 5.2 | K140: 38 | L140: 41 | M140: 118 | O140: 465 | Q140: 601 | S140: 1737 | T140: 1952 | U140: 19 | AA140: 0.4 | AB140: 1.4 | AC140: 13 | AD140: =L140/0.058/(K140/0.153*M140/0.2055)^0.5 -> 1.8718657 | AF140: =(G140/0.237)/(S140/0.17) -> 4.1295312e-05 | AG140: =(M140/0.2055)/(S140/0.17) -> 0.056197796
A141: Pertermann et al., 2004 | B141: Igneous | C141: 206 | E141: 0.5 | F141: 1 | G141: 0.2 | H141: 0.6 | J141: 5 | K141: 33 | L141: 42 | M141: 106 | O141: 351 | Q141: 655 | S141: 1091 | T141: 1145 | U141: 24 | AA141: 0.4 | AB141: 1.7 | AC141: 15 | AD141: =L141/0.058/(K141/0.153*M141/0.2055)^0.5 -> 2.171016 | AF141: =(G141/0.237)/(S141/0.17) -> 0.00013149396 | AG141: =(M141/0.2055)/(S141/0.17) -> 0.080374486
A142: Pertermann et al., 2004 | B142: Igneous | C142: 216 | E142: 0.4 | F142: 0.9 | G142: 0.5 | H142: 0.7 | J142: 5.8 | K142: 39 | L142: 55 | M142: 124 | O142: 383 | Q142: 106 | S142: 1215 | T142: 1240 | U142: 26 | AA142: 0.4 | AB142: 2.1 | AC142: 24 | AD142: =L142/0.058/(K142/0.153*M142/0.2055)^0.5 -> 2.417927 | AF142: =(G142/0.237)/(S142/0.17) -> 0.00029518501 | AG142: =(M142/0.2055)/(S142/0.17) -> 0.084427223
A143: Pertermann et al., 2004 | B143: Igneous | C143: 358 | E143: 0.5 | F143: 1.5 | G143: 0.1 | H143: 0.7 | J143: 5.6 | K143: 45 | L143: 84 | M143: 158 | O143: 546 | Q143: 1188 | S143: 1944 | T143: 2001 | U143: 34 | AA143: 0.6 | AB143: 1.3 | AC143: 14 | AD143: =L143/0.058/(K143/0.153*M143/0.2055)^0.5 -> 3.0455667 | AF143: =(G143/0.237)/(S143/0.17) -> 3.6898126e-05 | AG143: =(M143/0.2055)/(S143/0.17) -> 0.067235389
A144: Pertermann et al., 2004 | B144: Igneous | C144: 452 | E144: 1.2 | F144: 1.3 | G144: 0.6 | H144: 1.8 | J144: 13 | K144: 90 | L144: 136 | M144: 249 | O144: 758 | Q144: 1279 | S144: 2111 | T144: 2070 | U144: 63 | AA144: 2.6 | AB144: 13 | AC144: 68 | AD144: =L144/0.058/(K144/0.153*M144/0.2055)^0.5 -> 2.7774204 | AF144: =(G144/0.237)/(S144/0.17) -> 0.00020387482 | AG144: =(M144/0.2055)/(S144/0.17) -> 0.097577168
A145: Pertermann et al., 2004 | B145: Igneous | C145: 482 | E145: 1.9 | F145: 2.1 | G145: 0.6 | H145: 1.9 | J145: 16 | K145: 99 | L145: 161 | M145: 292 | O145: 839 | Q145: 1167 | S145: 2282 | T145: 2206 | U145: 69 | AA145: 3.3 | AB145: 11 | AC145: 73 | AD145: =L145/0.058/(K145/0.153*M145/0.2055)^0.5 -> 2.8949461 | AF145: =(G145/0.237)/(S145/0.17) -> 0.00018859761 | AG145: =(M145/0.2055)/(S145/0.17) -> 0.10585328
A146: Pertermann et al., 2004 | B146: Igneous | C146: 456 | E146: 1.7 | F146: 0.6 | G146: 0.6 | H146: 1.7 | J146: 12 | K146: 79 | L146: 127 | M146: 233 | O146: 741 | Q146: 1453 | S146: 2190 | T146: 2202 | U146: 61 | AA146: 17 | AB146: 8 | AC146: 45 | AD146: =L146/0.058/(K146/0.153*M146/0.2055)^0.5 -> 2.8617774 | AF146: =(G146/0.237)/(S146/0.17) -> 0.00019652043 | AG146: =(M146/0.2055)/(S146/0.17) -> 0.088013421
...

Sheet Reference
A1: Reference
A2: Bhattacharyya A, Rubatto D and Hermann J. 2026. Garnet trace element systematics in an amphibolite- to granulite-facies metapelitic sequence (Ivrea-Verbano Zone, Italy). Contributions to Mineralogy and Petrology, 181, 80
A3: Cheng H, King RL, Nakamura E, Vervoort JD, Zheng YF, Ota T, Wu YB, Kobayashi K and Zhou ZY. 2009. Transitional time of oceanic to continental subduction in the Dabie orogen: Constraints from U–Pb, Lu–Hf, Sm–Nd and Ar–Ar multichronometric dating. Lithos, 110(1): 327-342
A4: Clarke GL, Daczko NR and Miescher D. 2013. Identifying Relic Igneous Garnet and Clinopyroxene in Eclogite and Granulite, Breaksea Orthogneiss, New Zealand. Journal of Petrology, 54(9): 1921-1938
A5: Cravinho A, Rosa D, Relvas JMRS, Solá AR, Pereira I, Paquette J-L, Borba ML, Tassinari CCG, Chew D, Drakou F, Breiter K and Araujo V. 2024. From source to surface: clues from garnet-bearing Carboniferous silicic volcanic rocks, Iberian Pyrite Belt, Portugal. Contributions to Mineralogy and Petrology, 179(4): 32
A6: Culí L, Solé J, Campeny M and Oalmann JAG. 2021. High-Temperature Metamorphic Garnets from Grenvillian Granulites of Southwestern Oaxacan Complex (Southern Mexico): Petrology, Geochemistry, Geothermobarometry, and Tectonic Implications. Minerals, 11(8): 805
A7: Dorais MJ and Campbell S. 2022. Peritectic and phenocrystic garnet accumulation and the origin of strongly peraluminous granitic rocks: The Flagstaff Lake Igneous Complex, Maine. Lithos, 418-419: 106680
A8: Dorais MJ and Tubrett M. 2012. Detecting Peritectic Garnet in the Peraluminous Cardigan Pluton, New Hampshire. Journal of Petrology, 53(2): 299-324
A9: Feng Y, Cen J, Liang T, Wang M, Tan X, Hao Y and Yan S. 2023. Lithium, Phosphorus, and rare earth elements in magmatic garnets from granitic Pegmatites: Coupled substitution and petrogenetic implications. Ore Geology Reviews, 153: 105284
A10: Gaidies F, Morneau YE, Petts DC, Jackson SE, Zagorevski A and Ryan JJ. 2021. Major and trace element mapping of garnet: Unravelling the conditions, timing and rates of metamorphism of the Snowcap assemblage, west-central Yukon. Journal of Metamorphic Geology, 39(2): 133-164
A11: Gao LE, Zeng LS, Zhao LH, Hu MY, Wang L, Gao JH, Shang Z. 2017. Multiphase growth of garnet in gneisses from the Himalayan orogenic belt. Acta Petrologica Sinica, 33(12): 3729–3740
A12: Godet A, Guilmette C, Smit M, Maneta V, Fournier-Roy F and Musiyachenko K. 2025. Insights into garnet growth in S-type granite from Lu–Hf dating and trace element mapping. Contributions to Mineralogy and Petrology, 180(6): 36
... A47: 王浩铮, 张华锋和翟明国. 2015. 基性麻粒岩造岩矿物微量元素再分配特征及其对变质历史的指示作用:以胶北地体高压麻粒岩为例. 岩石学报, 31(6): 1694-1710
AA48: 0.052 | AB48: 0.157 | AC48: 0.03 | AD48: =Sheet1!L4249/0.058/(Sheet1!K4249/0.153*Sheet1!M4249/0.2055)^0.5 -> 0.470312 | AE48: =Sheet1!H4249/0.612/(Sheet1!G4249/0.237*Sheet1!I4249/0.095)^0.5 -> 0.97527081 | AF48: =(Sheet1!G4249/0.237)/(Sheet1!S4249/0.17) -> 0.0053338755 | AG48: =(Sheet1!M4249/0.2055)/(Sheet1!S4249/0.17) -> 1.2873811
AA49: 0.421 | AB49: 27.98 | AC49: 1.156 | AD49: =Sheet1!L4250/0.058/(Sheet1!K4250/0.153*Sheet1!M4250/0.2055)^0.5 -> 0.32741557 | AE49: =Sheet1!H4250/0.612/(Sheet1!G4250/0.237*Sheet1!I4250/0.095)^0.5 -> 0.92482957 | AF49: =(Sheet1!G4250/0.237)/(Sheet1!S4250/0.17) -> 0.5504239 | AG49: =(Sheet1!M4250/0.2055)/(Sheet1!S4250/0.17) -> 0.44222235
AA50: 0.041 | AB50: 0.277 | AC50: 0.112 | AD50: =Sheet1!L4251/0.058/(Sheet1!K4251/0.153*Sheet1!M4251/0.2055)^0.5 -> 0.52551312 | AE50: =Sheet1!H4251/0.612/(Sheet1!G4251/0.237*Sheet1!I4251/0.095)^0.5 -> 1.1082006 | AF50: =(Sheet1!G4251/0.237)/(Sheet1!S4251/0.17) -> 0.029618153 | AG50: =(Sheet1!M4251/0.2055)/(Sheet1!S4251/0.17) -> 1.4525564
AA51: 0.113 | AB51: 12.19 | AC51: 1.551 | AD51: =Sheet1!L4252/0.058/(Sheet1!K4252/0.153*Sheet1!M4252/0.2055)^0.5 -> 0.34712472 | AE51: =Sheet1!H4252/0.612/(Sheet1!G4252/0.237*Sheet1!I4252/0.095)^0.5 -> 0.94301667 | AF51: =(Sheet1!G4252/0.237)/(Sheet1!S4252/0.17) -> 0.64257416 | AG51: =(Sheet1!M4252/0.2055)/(Sheet1!S4252/0.17) -> 1.2158021
AA52: 0.056 | AB52: 0.231 | AC52: 0.288 | AD52: =Sheet1!L4253/0.058/(Sheet1!K4253/0.153*Sheet1!M4253/0.2055)^0.5 -> 0.4275457 | AE52: =Sheet1!H4253/0.612/(Sheet1!G4253/0.237*Sheet1!I4253/0.095)^0.5 -> 1.0004774 | AF52: =(Sheet1!G4253/0.237)/(Sheet1!S4253/0.17) -> 0.0070023503 | AG52: =(Sheet1!M4253/0.2055)/(Sheet1!S4253/0.17) -> 0.69469145
AB53: 0.03 | AC53: 0.042 | AD53: =Sheet1!L4254/0.058/(Sheet1!K4254/0.153*Sheet1!M4254/0.2055)^0.5 -> 0.41857672 | AE53: =Sheet1!H4254/0.612/(Sheet1!G4254/0.237*Sheet1!I4254/0.095)^0.5 -> 1.8496169 | AF53: =(Sheet1!G4254/0.237)/(Sheet1!S4254/0.17) -> 0.0011712926 | AG53: =(Sheet1!M4254/0.2055)/(Sheet1!S4254/0.17) -> 0.5631626
AA54: 0.094 | AB54: 1.153 | AC54: 2.693 | AD54: =Sheet1!L4255/0.058/(Sheet1!K4255/0.153*Sheet1!M4255/0.2055)^0.5 -> 0.48377582 | AE54: =Sheet1!H4255/0.612/(Sheet1!G4255/0.237*Sheet1!I4255/0.095)^0.5 -> 0.86470851 | AF54: =(Sheet1!G4255/0.237)/(Sheet1!S4255/0.17) -> 0.00055799967 | AG54: =(Sheet1!M4255/0.2055)/(Sheet1!S4255/0.17) -> 0.22461359
AA55: 0.231 | AB55: 0.125 | AC55: 0.047 | AD55: =Sheet1!L4256/0.058/(Sheet1!K4256/0.153*Sheet1!M4256/0.2055)^0.5 -> 0.46492888 | AE55: =Sheet1!H4256/0.612/(Sheet1!G4256/0.237*Sheet1!I4256/0.095)^0.5 -> 1.1553187 | AG55: =(Sheet1!M4256/0.2055)/(Sheet1!S4256/0.17) -> 0.068382187
AA56: 0.033 | AB56: 0 | AC56: 0.015 | AD56: =Sheet1!L4257/0.058/(Sheet1!K4257/0.153*Sheet1!M4257/0.2055)^0.5 -> 0.52037072 | AE56: =Sheet1!H4257/0.612/(Sheet1!G4257/0.237*Sheet1!I4257/0.095)^0.5 -> 0.37400341 | AG56: =(Sheet1!M4257/0.2055)/(Sheet1!S4257/0.17) -> 0.086377381
AA57: 0.008 | AB57: 0 | AC57: 0.002 | AD57: =Sheet1!L4258/0.058/(Sheet1!K4258/0.153*Sheet1!M4258/0.2055)^0.5 -> 0.64515908 | AE57: =Sheet1!H4258/0.612/(Sheet1!G4258/0.237*Sheet1!I4258/0.095)^0.5 -> 0.13429047 | AG57: =(Sheet1!M4258/0.2055)/(Sheet1!S4258/0.17) -> 0.043168283
AA58: 0.051 | AB58: 0.006 | AC58: 0.015 | AD58: =Sheet1!L4259/0.058/(Sheet1!K4259/0.153*Sheet1!M4259/0.2055)^0.5 -> 0.61376457 | AE58: =Sheet1!H4259/0.612/(Sheet1!G4259/0.237*Sheet1!I4259/0.095)^0.5 -> 0.2696977 | AG58: =(Sheet1!M4259/0.2055)/(Sheet1!S4259/0.17) -> 0.084528332
AA59: 0.077 | AB59: 0 | AC59: 0.004 | AD59: =Sheet1!L4260/0.058/(Sheet1!K4260/0.153*Sheet1!M4260/0.2055)^0.5 -> 0.5009666 | AG59: =(Sheet1!M4260/0.2055)/(Sheet1!S4260/0.17) -> 0.039283103
AA60: 0.039 | AB60: 0 | AC60: 0.03 | AD60: =Sheet1!L4261/0.058/(Sheet1!K4261/0.153*Sheet1!M4261/0.2055)^0.5 -> 0.81582318 | AG60: =(Sheet1!M4261/0.2055)/(Sheet1!S4261/0.17) -> 0.71581341
AA61: 0.086 | AB61: 0.013 | AC61: 0.025 | AD61: =Sheet1!L4262/0.058/(Sheet1!K4262/0.153*Sheet1!M4262/0.2055)^0.5 -> 0.88101794 | AE61: =Sheet1!H4262/0.612/(Sheet1!G4262/0.237*Sheet1!I4262/0.095)^0.5 -> 0.23115766 | AF61: =(Sheet1!G4262/0.237)/(Sheet1!S4262/0.17) -> 0.0025921286 | AG61: =(Sheet1!M4262/0.2055)/(Sheet1!S4262/0.17) -> 4.9326125
AA62: 0.037 | AB62: 0 | AC62: 0.031 | AD62: =Sheet1!L4263/0.058/(Sheet1!K4263/0.153*Sheet1!M4263/0.2055)^0.5 -> 1.1017156 | AG62: =(Sheet1!M4263/0.2055)/(Sheet1!S4263/0.17) -> 1.185339
AB63: 0.012 | AC63: 0.012 | AD63: =Sheet1!L4264/0.058/(Sheet1!K4264/0.153*Sheet1!M4264/0.2055)^0.5 -> 2.3640924 | AE63: =Sheet1!H4264/0.612/(Sheet1!G4264/0.237*Sheet1!I4264/0.095)^0.5 -> 0.23123369 | AF63: =(Sheet1!G4264/0.237)/(Sheet1!S4264/0.17) -> 0.0097591779 | AG63: =(Sheet1!M4264/0.2055)/(Sheet1!S4264/0.17) -> 5.0839333
AA64: 0.023 | AB64: 0.006 | AC64: 0.019 | AD64: =Sheet1!L4265/0.058/(Sheet1!K4265/0.153*Sheet1!M4265/0.2055)^0.5 -> 0.83289097 | AE64: =Sheet1!H4265/0.612/(Sheet1!G4265/0.237*Sheet1!I4265/0.095)^0.5 -> 0.3920437 | AF64: =(Sheet1!G4265/0.237)/(Sheet1!S4265/0.17) -> 0.0013047741 | AG64: =(Sheet1!M4265/0.2055)/(Sheet1!S4265/0.17) -> 1.8847319
AA65: 0.054 | AB65: 0 | AC65: 0.002 | AD65: =Sheet1!L4266/0.058/(Sheet1!K4266/0.153*Sheet1!M4266/0.2055)^0.5 -> 0.47528574 | AG65: =(Sheet1!M4266/0.2055)/(Sheet1!S4266/0.17) -> 0.26791639
AA66: 0.231 | AB66: 1.895 | AC66: 0.685 | AD66: =Sheet1!L4267/0.058/(Sheet1!K4267/0.153*Sheet1!M4267/0.2055)^0.5 -> 1.5289445 | AE66: =Sheet1!H4267/0.612/(Sheet1!G4267/0.237*Sheet1!I4267/0.095)^0.5 -> 0.58111394 | AF66: =(Sheet1!G4267/0.237)/(Sheet1!S4267/0.17) -> 0.06180155 | AG66: =(Sheet1!M4267/0.2055)/(Sheet1!S4267/0.17) -> 1.0886772
AA67: 0.73 | AB67: 4.314 | AC67: 0.305 | AD67: =Sheet1!L4268/0.058/(Sheet1!K4268/0.153*Sheet1!M4268/0.2055)^0.5 -> 1.0262268 | AE67: =Sheet1!H4268/0.612/(Sheet1!G4268/0.237*Sheet1!I4268/0.095)^0.5 -> 0.45845407 | AF67: =(Sheet1!G4268/0.237)/(Sheet1!S4268/0.17) -> 0.028259185 | AG67: =(Sheet1!M4268/0.2055)/(Sheet1!S4268/0.17) -> 0.46552115
AA68: 0.078 | AB68: 0 | AC68: 0.023 | AD68: =Sheet1!L4269/0.058/(Sheet1!K4269/0.153*Sheet1!M4269/0.2055)^0.5 -> 0.71515433 | AF68: =(Sheet1!G4269/0.237)/(Sheet1!S4269/0.17) -> 0.00070631249 | AG68: =(Sheet1!M4269/0.2055)/(Sheet1!S4269/0.17) -> 1.6164875
AA69: 0.014 | AB69: 0.006 | AC69: 0 | AD69: =Sheet1!L4270/0.058/(Sheet1!K4270/0.153*Sheet1!M4270/0.2055)^0.5 -> 0.8970569 | AG69: =(Sheet1!M4270/0.2055)/(Sheet1!S4270/0.17) -> 1.8604338
AA70: 0.046 | AB70: 0 | AC70: 0.023 | AD70: =Sheet1!L4271/0.058/(Sheet1!K4271/0.153*Sheet1!M4271/0.2055)^0.5 -> 0.78261402 | AE70: =Sheet1!H4271/0.612/(Sheet1!G4271/0.237*Sheet1!I4271/0.095)^0.5 -> 0.83769739 | AG70: =(Sheet1!M4271/0.2055)/(Sheet1!S4271/0.17) -> 1.0534683
AA71: 1.819 | AB71: 0.326 | AC71: 0.309 | AD71: =Sheet1!L4272/0.058/(Sheet1!K4272/0.153*Sheet1!M4272/0.2055)^0.5 -> 2.0160145 | AE71: =Sheet1!H4272/0.612/(Sheet1!G4272/0.237*Sheet1!I4272/0.095)^0.5 -> 0.57026406 | AF71: =(Sheet1!G4272/0.237)/(Sheet1!S4272/0.17) -> 0.02730753 | AG71: =(Sheet1!M4272/0.2055)/(Sheet1!S4272/0.17) -> 0.42142007
AA72: 0.105 | AB72: 0.062 | AC72: 0.024 | AD72: =Sheet1!L4273/0.058/(Sheet1!K4273/0.153*Sheet1!M4273/0.2055)^0.5 -> 2.7114492 | AE72: =Sheet1!H4273/0.612/(Sheet1!G4273/0.237*Sheet1!I4273/0.095)^0.5 -> 0.55877844 | AF72: =(Sheet1!G4273/0.237)/(Sheet1!S4273/0.17) -> 0.01081178 | AG72: =(Sheet1!M4273/0.2055)/(Sheet1!S4273/0.17) -> 0.75509359
AA73: 0.147 | AB73: 0.136 | AC73: 0.076 | AD73: =Sheet1!L4274/0.058/(Sheet1!K4274/0.153*Sheet1!M4274/0.2055)^0.5 -> 3.7754767 | AE73: =Sheet1!H4274/0.612/(Sheet1!G4274/0.237*Sheet1!I4274/0.095)^0.5 -> 0.55147305 | AF73: =(Sheet1!G4274/0.237)/(Sheet1!S4274/0.17) -> 0.027867568 | AG73: =(Sheet1!M4274/0.2055)/(Sheet1!S4274/0.17) -> 0.38131867
AA74: 0.337 | AB74: 0.158 | AC74: 0.064 | AD74: =Sheet1!L4275/0.058/(Sheet1!K4275/0.153*Sheet1!M4275/0.2055)^0.5 -> 3.3165789 | AE74: =Sheet1!H4275/0.612/(Sheet1!G4275/0.237*Sheet1!I4275/0.095)^0.5 -> 0.60129646 | AF74: =(Sheet1!G4275/0.237)/(Sheet1!S4275/0.17) -> 0.045445805 | AG74: =(Sheet1!M4275/0.2055)/(Sheet1!S4275/0.17) -> 0.77667767
AA75: 0.1 | AB75: 0.218 | AC75: 0.147 | AD75: =Sheet1!L4276/0.058/(Sheet1!K4276/0.153*Sheet1!M4276/0.2055)^0.5 -> 3.9577769 | AE75: =Sheet1!H4276/0.612/(Sheet1!G4276/0.237*Sheet1!I4276/0.095)^0.5 -> 0.73562898 | AF75: =(Sheet1!G4276/0.237)/(Sheet1!S4276/0.17) -> 0.01654943 | AG75: =(Sheet1!M4276/0.2055)/(Sheet1!S4276/0.17) -> 0.38581398
AA76: 0.454 | AB76: 0.068 | AC76: 0.034 | AD76: =Sheet1!L4277/0.058/(Sheet1!K4277/0.153*Sheet1!M4277/0.2055)^0.5 -> 3.368434 | AE76: =Sheet1!H4277/0.612/(Sheet1!G4277/0.237*Sheet1!I4277/0.095)^0.5 -> 0.67689246 | AF76: =(Sheet1!G4277/0.237)/(Sheet1!S4277/0.17) -> 0.028211009 | AG76: =(Sheet1!M4277/0.2055)/(Sheet1!S4277/0.17) -> 0.52909904
AA77: 0.171 | AB77: 0.257 | AC77: 0.309 | AD77: =Sheet1!L4278/0.058/(Sheet1!K4278/0.153*Sheet1!M4278/0.2055)^0.5 -> 1.0983767 | AE77: =Sheet1!H4278/0.612/(Sheet1!G4278/0.237*Sheet1!I4278/0.095)^0.5 -> 0.49732565 | AF77: =(Sheet1!G4278/0.237)/(Sheet1!S4278/0.17) -> 0.084105684 | AG77: =(Sheet1!M4278/0.2055)/(Sheet1!S4278/0.17) -> 1.1463634
AA78: 0.205 | AB78: 0.099 | AC78: 0.037 | AD78: =Sheet1!L4279/0.058/(Sheet1!K4279/0.153*Sheet1!M4279/0.2055)^0.5 -> 0.7626367 | AE78: =Sheet1!H4279/0.612/(Sheet1!G4279/0.237*Sheet1!I4279/0.095)^0.5 -> 0.38921075 | AF78: =(Sheet1!G4279/0.237)/(Sheet1!S4279/0.17) -> 0.013661403 | AG78: =(Sheet1!M4279/0.2055)/(Sheet1!S4279/0.17) -> 1.5825512
AA79: 0.372 | AB79: 0.202 | AC79: 0.309 | AD79: =Sheet1!L4280/0.058/(Sheet1!K4280/0.153*Sheet1!M4280/0.2055)^0.5 -> 1.2477078 | AE79: =Sheet1!H4280/0.612/(Sheet1!G4280/0.237*Sheet1!I4280/0.095)^0.5 -> 0.37140533 | AF79: =(Sheet1!G4280/0.237)/(Sheet1!S4280/0.17) -> 0.037627053 | AG79: =(Sheet1!M4280/0.2055)/(Sheet1!S4280/0.17) -> 0.32252144
AA80: 0.094 | AB80: 0.045 | AC80: 0.033 | AD80: =Sheet1!L4281/0.058/(Sheet1!K4281/0.153*Sheet1!M4281/0.2055)^0.5 -> 1.6842739 | AE80: =Sheet1!H4281/0.612/(Sheet1!G4281/0.237*Sheet1!I4281/0.095)^0.5 -> 0.4111789 | AF80: =(Sheet1!G4281/0.237)/(Sheet1!S4281/0.17) -> 0.0019719576 | AG80: =(Sheet1!M4281/0.2055)/(Sheet1!S4281/0.17) -> 0.46024699
AA81: 0.091 | AB81: 0 | AC81: 0 | AD81: =Sheet1!L4282/0.058/(Sheet1!K4282/0.153*Sheet1!M4282/0.2055)^0.5 -> 0.55154957 | AE81: =Sheet1!H4282/0.612/(Sheet1!G4282/0.237*Sheet1!I4282/0.095)^0.5 -> 0.48833456 | AF81: =(Sheet1!G4282/0.237)/(Sheet1!S4282/0.17) -> 0.0012113399 | AG81: =(Sheet1!M4282/0.2055)/(Sheet1!S4282/0.17) -> 1.596901
